group	label	ns	tau	cov	rc	pr	f
ipr_submission.tsv	ipr_submission.tsv	biological_process	0.010	0.712	0.226	0.778	0.351
ipr_submission.tsv	ipr_submission.tsv	biological_process	0.020	0.712	0.226	0.778	0.351
ipr_submission.tsv	ipr_submission.tsv	biological_process	0.030	0.712	0.226	0.778	0.351
ipr_submission.tsv	ipr_submission.tsv	biological_process	0.040	0.712	0.226	0.778	0.351
ipr_submission.tsv	ipr_submission.tsv	biological_process	0.050	0.712	0.226	0.778	0.351
ipr_submission.tsv	ipr_submission.tsv	biological_process	0.060	0.712	0.226	0.778	0.351
ipr_submission.tsv	ipr_submission.tsv	biological_process	0.070	0.712	0.226	0.778	0.351
ipr_submission.tsv	ipr_submission.tsv	biological_process	0.080	0.712	0.226	0.778	0.351
ipr_submission.tsv	ipr_submission.tsv	biological_process	0.090	0.712	0.226	0.778	0.351
ipr_submission.tsv	ipr_submission.tsv	biological_process	0.100	0.712	0.226	0.778	0.351
ipr_submission.tsv	ipr_submission.tsv	biological_process	0.110	0.712	0.226	0.778	0.351
ipr_submission.tsv	ipr_submission.tsv	biological_process	0.120	0.712	0.226	0.778	0.351
ipr_submission.tsv	ipr_submission.tsv	biological_process	0.130	0.712	0.226	0.778	0.351
ipr_submission.tsv	ipr_submission.tsv	biological_process	0.140	0.712	0.226	0.778	0.351
ipr_submission.tsv	ipr_submission.tsv	biological_process	0.150	0.712	0.226	0.778	0.351
ipr_submission.tsv	ipr_submission.tsv	biological_process	0.160	0.712	0.226	0.778	0.351
ipr_submission.tsv	ipr_submission.tsv	biological_process	0.170	0.712	0.226	0.778	0.351
ipr_submission.tsv	ipr_submission.tsv	biological_process	0.180	0.712	0.226	0.778	0.351
ipr_submission.tsv	ipr_submission.tsv	biological_process	0.190	0.712	0.226	0.778	0.351
ipr_submission.tsv	ipr_submission.tsv	biological_process	0.200	0.712	0.226	0.778	0.351
ipr_submission.tsv	ipr_submission.tsv	biological_process	0.210	0.712	0.226	0.778	0.351
ipr_submission.tsv	ipr_submission.tsv	biological_process	0.220	0.712	0.226	0.778	0.351
ipr_submission.tsv	ipr_submission.tsv	biological_process	0.230	0.712	0.226	0.778	0.351
ipr_submission.tsv	ipr_submission.tsv	biological_process	0.240	0.712	0.226	0.778	0.351
ipr_submission.tsv	ipr_submission.tsv	biological_process	0.250	0.712	0.226	0.778	0.351
ipr_submission.tsv	ipr_submission.tsv	biological_process	0.260	0.712	0.226	0.778	0.351
ipr_submission.tsv	ipr_submission.tsv	biological_process	0.270	0.712	0.226	0.778	0.351
ipr_submission.tsv	ipr_submission.tsv	biological_process	0.280	0.712	0.226	0.778	0.351
ipr_submission.tsv	ipr_submission.tsv	biological_process	0.290	0.712	0.226	0.778	0.351
ipr_submission.tsv	ipr_submission.tsv	biological_process	0.300	0.712	0.226	0.778	0.351
ipr_submission.tsv	ipr_submission.tsv	biological_process	0.310	0.712	0.226	0.778	0.351
ipr_submission.tsv	ipr_submission.tsv	biological_process	0.320	0.712	0.226	0.778	0.351
ipr_submission.tsv	ipr_submission.tsv	biological_process	0.330	0.712	0.226	0.778	0.351
ipr_submission.tsv	ipr_submission.tsv	biological_process	0.340	0.712	0.226	0.778	0.351
ipr_submission.tsv	ipr_submission.tsv	biological_process	0.350	0.712	0.226	0.778	0.351
ipr_submission.tsv	ipr_submission.tsv	biological_process	0.360	0.712	0.226	0.778	0.351
ipr_submission.tsv	ipr_submission.tsv	biological_process	0.370	0.712	0.226	0.778	0.351
ipr_submission.tsv	ipr_submission.tsv	biological_process	0.380	0.712	0.226	0.778	0.351
ipr_submission.tsv	ipr_submission.tsv	biological_process	0.390	0.712	0.226	0.778	0.351
ipr_submission.tsv	ipr_submission.tsv	biological_process	0.400	0.712	0.226	0.778	0.351
ipr_submission.tsv	ipr_submission.tsv	biological_process	0.410	0.712	0.226	0.778	0.351
ipr_submission.tsv	ipr_submission.tsv	biological_process	0.420	0.712	0.226	0.778	0.351
ipr_submission.tsv	ipr_submission.tsv	biological_process	0.430	0.712	0.226	0.778	0.351
ipr_submission.tsv	ipr_submission.tsv	biological_process	0.440	0.712	0.226	0.778	0.351
ipr_submission.tsv	ipr_submission.tsv	biological_process	0.450	0.712	0.226	0.778	0.351
ipr_submission.tsv	ipr_submission.tsv	biological_process	0.460	0.712	0.226	0.778	0.351
ipr_submission.tsv	ipr_submission.tsv	biological_process	0.470	0.712	0.226	0.778	0.351
ipr_submission.tsv	ipr_submission.tsv	biological_process	0.480	0.712	0.226	0.778	0.351
ipr_submission.tsv	ipr_submission.tsv	biological_process	0.490	0.712	0.226	0.778	0.351
ipr_submission.tsv	ipr_submission.tsv	biological_process	0.500	0.712	0.226	0.778	0.351
ipr_submission.tsv	ipr_submission.tsv	biological_process	0.510	0.712	0.226	0.778	0.351
ipr_submission.tsv	ipr_submission.tsv	biological_process	0.520	0.712	0.226	0.778	0.351
ipr_submission.tsv	ipr_submission.tsv	biological_process	0.530	0.712	0.226	0.778	0.351
ipr_submission.tsv	ipr_submission.tsv	biological_process	0.540	0.712	0.226	0.778	0.351
ipr_submission.tsv	ipr_submission.tsv	biological_process	0.550	0.712	0.226	0.778	0.351
ipr_submission.tsv	ipr_submission.tsv	biological_process	0.560	0.712	0.226	0.778	0.351
ipr_submission.tsv	ipr_submission.tsv	biological_process	0.570	0.712	0.226	0.778	0.351
ipr_submission.tsv	ipr_submission.tsv	biological_process	0.580	0.712	0.226	0.778	0.351
ipr_submission.tsv	ipr_submission.tsv	biological_process	0.590	0.712	0.226	0.778	0.351
ipr_submission.tsv	ipr_submission.tsv	biological_process	0.600	0.712	0.226	0.778	0.351
ipr_submission.tsv	ipr_submission.tsv	biological_process	0.610	0.712	0.226	0.778	0.351
ipr_submission.tsv	ipr_submission.tsv	biological_process	0.620	0.712	0.226	0.778	0.351
ipr_submission.tsv	ipr_submission.tsv	biological_process	0.630	0.712	0.226	0.778	0.351
ipr_submission.tsv	ipr_submission.tsv	biological_process	0.640	0.712	0.226	0.778	0.351
ipr_submission.tsv	ipr_submission.tsv	biological_process	0.650	0.712	0.226	0.778	0.351
ipr_submission.tsv	ipr_submission.tsv	biological_process	0.660	0.712	0.226	0.778	0.351
ipr_submission.tsv	ipr_submission.tsv	biological_process	0.670	0.712	0.226	0.778	0.351
ipr_submission.tsv	ipr_submission.tsv	biological_process	0.680	0.712	0.226	0.778	0.351
ipr_submission.tsv	ipr_submission.tsv	biological_process	0.690	0.712	0.226	0.778	0.351
ipr_submission.tsv	ipr_submission.tsv	biological_process	0.700	0.712	0.226	0.778	0.351
ipr_submission.tsv	ipr_submission.tsv	biological_process	0.710	0.712	0.226	0.778	0.351
ipr_submission.tsv	ipr_submission.tsv	biological_process	0.720	0.712	0.226	0.778	0.351
ipr_submission.tsv	ipr_submission.tsv	biological_process	0.730	0.712	0.226	0.778	0.351
ipr_submission.tsv	ipr_submission.tsv	biological_process	0.740	0.712	0.226	0.778	0.351
ipr_submission.tsv	ipr_submission.tsv	biological_process	0.750	0.712	0.226	0.778	0.351
ipr_submission.tsv	ipr_submission.tsv	biological_process	0.760	0.712	0.226	0.778	0.351
ipr_submission.tsv	ipr_submission.tsv	biological_process	0.770	0.712	0.226	0.778	0.351
ipr_submission.tsv	ipr_submission.tsv	biological_process	0.780	0.712	0.226	0.778	0.351
ipr_submission.tsv	ipr_submission.tsv	biological_process	0.790	0.712	0.226	0.778	0.351
ipr_submission.tsv	ipr_submission.tsv	biological_process	0.800	0.712	0.226	0.778	0.351
ipr_submission.tsv	ipr_submission.tsv	biological_process	0.810	0.712	0.226	0.778	0.351
ipr_submission.tsv	ipr_submission.tsv	biological_process	0.820	0.712	0.226	0.778	0.351
ipr_submission.tsv	ipr_submission.tsv	biological_process	0.830	0.712	0.226	0.778	0.351
ipr_submission.tsv	ipr_submission.tsv	biological_process	0.840	0.712	0.226	0.778	0.351
ipr_submission.tsv	ipr_submission.tsv	biological_process	0.850	0.712	0.226	0.778	0.351
ipr_submission.tsv	ipr_submission.tsv	biological_process	0.860	0.712	0.226	0.778	0.351
ipr_submission.tsv	ipr_submission.tsv	biological_process	0.870	0.712	0.226	0.778	0.351
ipr_submission.tsv	ipr_submission.tsv	biological_process	0.880	0.712	0.226	0.778	0.351
ipr_submission.tsv	ipr_submission.tsv	biological_process	0.890	0.712	0.226	0.778	0.351
ipr_submission.tsv	ipr_submission.tsv	biological_process	0.900	0.712	0.226	0.778	0.351
ipr_submission.tsv	ipr_submission.tsv	biological_process	0.910	0.712	0.226	0.778	0.351
ipr_submission.tsv	ipr_submission.tsv	biological_process	0.920	0.712	0.226	0.778	0.351
ipr_submission.tsv	ipr_submission.tsv	biological_process	0.930	0.712	0.226	0.778	0.351
ipr_submission.tsv	ipr_submission.tsv	biological_process	0.940	0.712	0.226	0.778	0.351
ipr_submission.tsv	ipr_submission.tsv	biological_process	0.950	0.712	0.226	0.778	0.351
ipr_submission.tsv	ipr_submission.tsv	biological_process	0.960	0.712	0.226	0.778	0.351
ipr_submission.tsv	ipr_submission.tsv	biological_process	0.970	0.712	0.226	0.778	0.351
ipr_submission.tsv	ipr_submission.tsv	biological_process	0.980	0.712	0.226	0.778	0.351
ipr_submission.tsv	ipr_submission.tsv	biological_process	0.990	0.712	0.226	0.778	0.351
ipr_submission.tsv	ipr_submission.tsv	cellular_component	0.010	0.455	0.149	0.921	0.256
ipr_submission.tsv	ipr_submission.tsv	cellular_component	0.020	0.455	0.149	0.921	0.256
ipr_submission.tsv	ipr_submission.tsv	cellular_component	0.030	0.455	0.149	0.921	0.256
ipr_submission.tsv	ipr_submission.tsv	cellular_component	0.040	0.455	0.149	0.921	0.256
ipr_submission.tsv	ipr_submission.tsv	cellular_component	0.050	0.455	0.149	0.921	0.256
ipr_submission.tsv	ipr_submission.tsv	cellular_component	0.060	0.455	0.149	0.921	0.256
ipr_submission.tsv	ipr_submission.tsv	cellular_component	0.070	0.455	0.149	0.921	0.256
ipr_submission.tsv	ipr_submission.tsv	cellular_component	0.080	0.455	0.149	0.921	0.256
ipr_submission.tsv	ipr_submission.tsv	cellular_component	0.090	0.455	0.149	0.921	0.256
ipr_submission.tsv	ipr_submission.tsv	cellular_component	0.100	0.455	0.149	0.921	0.256
ipr_submission.tsv	ipr_submission.tsv	cellular_component	0.110	0.455	0.149	0.921	0.256
ipr_submission.tsv	ipr_submission.tsv	cellular_component	0.120	0.455	0.149	0.921	0.256
ipr_submission.tsv	ipr_submission.tsv	cellular_component	0.130	0.455	0.149	0.921	0.256
ipr_submission.tsv	ipr_submission.tsv	cellular_component	0.140	0.455	0.149	0.921	0.256
ipr_submission.tsv	ipr_submission.tsv	cellular_component	0.150	0.455	0.149	0.921	0.256
ipr_submission.tsv	ipr_submission.tsv	cellular_component	0.160	0.455	0.149	0.921	0.256
ipr_submission.tsv	ipr_submission.tsv	cellular_component	0.170	0.455	0.149	0.921	0.256
ipr_submission.tsv	ipr_submission.tsv	cellular_component	0.180	0.455	0.149	0.921	0.256
ipr_submission.tsv	ipr_submission.tsv	cellular_component	0.190	0.455	0.149	0.921	0.256
ipr_submission.tsv	ipr_submission.tsv	cellular_component	0.200	0.455	0.149	0.921	0.256
ipr_submission.tsv	ipr_submission.tsv	cellular_component	0.210	0.455	0.149	0.921	0.256
ipr_submission.tsv	ipr_submission.tsv	cellular_component	0.220	0.455	0.149	0.921	0.256
ipr_submission.tsv	ipr_submission.tsv	cellular_component	0.230	0.455	0.149	0.921	0.256
ipr_submission.tsv	ipr_submission.tsv	cellular_component	0.240	0.455	0.149	0.921	0.256
ipr_submission.tsv	ipr_submission.tsv	cellular_component	0.250	0.455	0.149	0.921	0.256
ipr_submission.tsv	ipr_submission.tsv	cellular_component	0.260	0.455	0.149	0.921	0.256
ipr_submission.tsv	ipr_submission.tsv	cellular_component	0.270	0.455	0.149	0.921	0.256
ipr_submission.tsv	ipr_submission.tsv	cellular_component	0.280	0.455	0.149	0.921	0.256
ipr_submission.tsv	ipr_submission.tsv	cellular_component	0.290	0.455	0.149	0.921	0.256
ipr_submission.tsv	ipr_submission.tsv	cellular_component	0.300	0.455	0.149	0.921	0.256
ipr_submission.tsv	ipr_submission.tsv	cellular_component	0.310	0.455	0.149	0.921	0.256
ipr_submission.tsv	ipr_submission.tsv	cellular_component	0.320	0.455	0.149	0.921	0.256
ipr_submission.tsv	ipr_submission.tsv	cellular_component	0.330	0.455	0.149	0.921	0.256
ipr_submission.tsv	ipr_submission.tsv	cellular_component	0.340	0.455	0.149	0.921	0.256
ipr_submission.tsv	ipr_submission.tsv	cellular_component	0.350	0.455	0.149	0.921	0.256
ipr_submission.tsv	ipr_submission.tsv	cellular_component	0.360	0.455	0.149	0.921	0.256
ipr_submission.tsv	ipr_submission.tsv	cellular_component	0.370	0.455	0.149	0.921	0.256
ipr_submission.tsv	ipr_submission.tsv	cellular_component	0.380	0.455	0.149	0.921	0.256
ipr_submission.tsv	ipr_submission.tsv	cellular_component	0.390	0.455	0.149	0.921	0.256
ipr_submission.tsv	ipr_submission.tsv	cellular_component	0.400	0.455	0.149	0.921	0.256
ipr_submission.tsv	ipr_submission.tsv	cellular_component	0.410	0.455	0.149	0.921	0.256
ipr_submission.tsv	ipr_submission.tsv	cellular_component	0.420	0.455	0.149	0.921	0.256
ipr_submission.tsv	ipr_submission.tsv	cellular_component	0.430	0.455	0.149	0.921	0.256
ipr_submission.tsv	ipr_submission.tsv	cellular_component	0.440	0.455	0.149	0.921	0.256
ipr_submission.tsv	ipr_submission.tsv	cellular_component	0.450	0.455	0.149	0.921	0.256
ipr_submission.tsv	ipr_submission.tsv	cellular_component	0.460	0.455	0.149	0.921	0.256
ipr_submission.tsv	ipr_submission.tsv	cellular_component	0.470	0.455	0.149	0.921	0.256
ipr_submission.tsv	ipr_submission.tsv	cellular_component	0.480	0.455	0.149	0.921	0.256
ipr_submission.tsv	ipr_submission.tsv	cellular_component	0.490	0.455	0.149	0.921	0.256
ipr_submission.tsv	ipr_submission.tsv	cellular_component	0.500	0.455	0.149	0.921	0.256
ipr_submission.tsv	ipr_submission.tsv	cellular_component	0.510	0.455	0.149	0.921	0.256
ipr_submission.tsv	ipr_submission.tsv	cellular_component	0.520	0.455	0.149	0.921	0.256
ipr_submission.tsv	ipr_submission.tsv	cellular_component	0.530	0.455	0.149	0.921	0.256
ipr_submission.tsv	ipr_submission.tsv	cellular_component	0.540	0.455	0.149	0.921	0.256
ipr_submission.tsv	ipr_submission.tsv	cellular_component	0.550	0.455	0.149	0.921	0.256
ipr_submission.tsv	ipr_submission.tsv	cellular_component	0.560	0.455	0.149	0.921	0.256
ipr_submission.tsv	ipr_submission.tsv	cellular_component	0.570	0.455	0.149	0.921	0.256
ipr_submission.tsv	ipr_submission.tsv	cellular_component	0.580	0.455	0.149	0.921	0.256
ipr_submission.tsv	ipr_submission.tsv	cellular_component	0.590	0.455	0.149	0.921	0.256
ipr_submission.tsv	ipr_submission.tsv	cellular_component	0.600	0.455	0.149	0.921	0.256
ipr_submission.tsv	ipr_submission.tsv	cellular_component	0.610	0.455	0.149	0.921	0.256
ipr_submission.tsv	ipr_submission.tsv	cellular_component	0.620	0.455	0.149	0.921	0.256
ipr_submission.tsv	ipr_submission.tsv	cellular_component	0.630	0.455	0.149	0.921	0.256
ipr_submission.tsv	ipr_submission.tsv	cellular_component	0.640	0.455	0.149	0.921	0.256
ipr_submission.tsv	ipr_submission.tsv	cellular_component	0.650	0.455	0.149	0.921	0.256
ipr_submission.tsv	ipr_submission.tsv	cellular_component	0.660	0.455	0.149	0.921	0.256
ipr_submission.tsv	ipr_submission.tsv	cellular_component	0.670	0.455	0.149	0.921	0.256
ipr_submission.tsv	ipr_submission.tsv	cellular_component	0.680	0.455	0.149	0.921	0.256
ipr_submission.tsv	ipr_submission.tsv	cellular_component	0.690	0.455	0.149	0.921	0.256
ipr_submission.tsv	ipr_submission.tsv	cellular_component	0.700	0.455	0.149	0.921	0.256
ipr_submission.tsv	ipr_submission.tsv	cellular_component	0.710	0.455	0.149	0.921	0.256
ipr_submission.tsv	ipr_submission.tsv	cellular_component	0.720	0.455	0.149	0.921	0.256
ipr_submission.tsv	ipr_submission.tsv	cellular_component	0.730	0.455	0.149	0.921	0.256
ipr_submission.tsv	ipr_submission.tsv	cellular_component	0.740	0.455	0.149	0.921	0.256
ipr_submission.tsv	ipr_submission.tsv	cellular_component	0.750	0.455	0.149	0.921	0.256
ipr_submission.tsv	ipr_submission.tsv	cellular_component	0.760	0.455	0.149	0.921	0.256
ipr_submission.tsv	ipr_submission.tsv	cellular_component	0.770	0.455	0.149	0.921	0.256
ipr_submission.tsv	ipr_submission.tsv	cellular_component	0.780	0.455	0.149	0.921	0.256
ipr_submission.tsv	ipr_submission.tsv	cellular_component	0.790	0.455	0.149	0.921	0.256
ipr_submission.tsv	ipr_submission.tsv	cellular_component	0.800	0.455	0.149	0.921	0.256
ipr_submission.tsv	ipr_submission.tsv	cellular_component	0.810	0.455	0.149	0.921	0.256
ipr_submission.tsv	ipr_submission.tsv	cellular_component	0.820	0.455	0.149	0.921	0.256
ipr_submission.tsv	ipr_submission.tsv	cellular_component	0.830	0.455	0.149	0.921	0.256
ipr_submission.tsv	ipr_submission.tsv	cellular_component	0.840	0.455	0.149	0.921	0.256
ipr_submission.tsv	ipr_submission.tsv	cellular_component	0.850	0.455	0.149	0.921	0.256
ipr_submission.tsv	ipr_submission.tsv	cellular_component	0.860	0.455	0.149	0.921	0.256
ipr_submission.tsv	ipr_submission.tsv	cellular_component	0.870	0.455	0.149	0.921	0.256
ipr_submission.tsv	ipr_submission.tsv	cellular_component	0.880	0.455	0.149	0.921	0.256
ipr_submission.tsv	ipr_submission.tsv	cellular_component	0.890	0.455	0.149	0.921	0.256
ipr_submission.tsv	ipr_submission.tsv	cellular_component	0.900	0.455	0.149	0.921	0.256
ipr_submission.tsv	ipr_submission.tsv	cellular_component	0.910	0.455	0.149	0.921	0.256
ipr_submission.tsv	ipr_submission.tsv	cellular_component	0.920	0.455	0.149	0.921	0.256
ipr_submission.tsv	ipr_submission.tsv	cellular_component	0.930	0.455	0.149	0.921	0.256
ipr_submission.tsv	ipr_submission.tsv	cellular_component	0.940	0.455	0.149	0.921	0.256
ipr_submission.tsv	ipr_submission.tsv	cellular_component	0.950	0.455	0.149	0.921	0.256
ipr_submission.tsv	ipr_submission.tsv	cellular_component	0.960	0.455	0.149	0.921	0.256
ipr_submission.tsv	ipr_submission.tsv	cellular_component	0.970	0.455	0.149	0.921	0.256
ipr_submission.tsv	ipr_submission.tsv	cellular_component	0.980	0.455	0.149	0.921	0.256
ipr_submission.tsv	ipr_submission.tsv	cellular_component	0.990	0.455	0.149	0.921	0.256
ipr_submission.tsv	ipr_submission.tsv	molecular_function	0.010	0.912	0.516	0.770	0.618
ipr_submission.tsv	ipr_submission.tsv	molecular_function	0.020	0.912	0.516	0.770	0.618
ipr_submission.tsv	ipr_submission.tsv	molecular_function	0.030	0.912	0.516	0.770	0.618
ipr_submission.tsv	ipr_submission.tsv	molecular_function	0.040	0.912	0.516	0.770	0.618
ipr_submission.tsv	ipr_submission.tsv	molecular_function	0.050	0.912	0.516	0.770	0.618
ipr_submission.tsv	ipr_submission.tsv	molecular_function	0.060	0.912	0.516	0.770	0.618
ipr_submission.tsv	ipr_submission.tsv	molecular_function	0.070	0.912	0.516	0.770	0.618
ipr_submission.tsv	ipr_submission.tsv	molecular_function	0.080	0.912	0.516	0.770	0.618
ipr_submission.tsv	ipr_submission.tsv	molecular_function	0.090	0.912	0.516	0.770	0.618
ipr_submission.tsv	ipr_submission.tsv	molecular_function	0.100	0.912	0.516	0.770	0.618
ipr_submission.tsv	ipr_submission.tsv	molecular_function	0.110	0.912	0.516	0.770	0.618
ipr_submission.tsv	ipr_submission.tsv	molecular_function	0.120	0.912	0.516	0.770	0.618
ipr_submission.tsv	ipr_submission.tsv	molecular_function	0.130	0.912	0.516	0.770	0.618
ipr_submission.tsv	ipr_submission.tsv	molecular_function	0.140	0.912	0.516	0.770	0.618
ipr_submission.tsv	ipr_submission.tsv	molecular_function	0.150	0.912	0.516	0.770	0.618
ipr_submission.tsv	ipr_submission.tsv	molecular_function	0.160	0.912	0.516	0.770	0.618
ipr_submission.tsv	ipr_submission.tsv	molecular_function	0.170	0.912	0.516	0.770	0.618
ipr_submission.tsv	ipr_submission.tsv	molecular_function	0.180	0.912	0.516	0.770	0.618
ipr_submission.tsv	ipr_submission.tsv	molecular_function	0.190	0.912	0.516	0.770	0.618
ipr_submission.tsv	ipr_submission.tsv	molecular_function	0.200	0.912	0.516	0.770	0.618
ipr_submission.tsv	ipr_submission.tsv	molecular_function	0.210	0.912	0.516	0.770	0.618
ipr_submission.tsv	ipr_submission.tsv	molecular_function	0.220	0.912	0.516	0.770	0.618
ipr_submission.tsv	ipr_submission.tsv	molecular_function	0.230	0.912	0.516	0.770	0.618
ipr_submission.tsv	ipr_submission.tsv	molecular_function	0.240	0.912	0.516	0.770	0.618
ipr_submission.tsv	ipr_submission.tsv	molecular_function	0.250	0.912	0.516	0.770	0.618
ipr_submission.tsv	ipr_submission.tsv	molecular_function	0.260	0.912	0.516	0.770	0.618
ipr_submission.tsv	ipr_submission.tsv	molecular_function	0.270	0.912	0.516	0.770	0.618
ipr_submission.tsv	ipr_submission.tsv	molecular_function	0.280	0.912	0.516	0.770	0.618
ipr_submission.tsv	ipr_submission.tsv	molecular_function	0.290	0.912	0.516	0.770	0.618
ipr_submission.tsv	ipr_submission.tsv	molecular_function	0.300	0.912	0.516	0.770	0.618
ipr_submission.tsv	ipr_submission.tsv	molecular_function	0.310	0.912	0.516	0.770	0.618
ipr_submission.tsv	ipr_submission.tsv	molecular_function	0.320	0.912	0.516	0.770	0.618
ipr_submission.tsv	ipr_submission.tsv	molecular_function	0.330	0.912	0.516	0.770	0.618
ipr_submission.tsv	ipr_submission.tsv	molecular_function	0.340	0.912	0.516	0.770	0.618
ipr_submission.tsv	ipr_submission.tsv	molecular_function	0.350	0.912	0.516	0.770	0.618
ipr_submission.tsv	ipr_submission.tsv	molecular_function	0.360	0.912	0.516	0.770	0.618
ipr_submission.tsv	ipr_submission.tsv	molecular_function	0.370	0.912	0.516	0.770	0.618
ipr_submission.tsv	ipr_submission.tsv	molecular_function	0.380	0.912	0.516	0.770	0.618
ipr_submission.tsv	ipr_submission.tsv	molecular_function	0.390	0.912	0.516	0.770	0.618
ipr_submission.tsv	ipr_submission.tsv	molecular_function	0.400	0.912	0.516	0.770	0.618
ipr_submission.tsv	ipr_submission.tsv	molecular_function	0.410	0.912	0.516	0.770	0.618
ipr_submission.tsv	ipr_submission.tsv	molecular_function	0.420	0.912	0.516	0.770	0.618
ipr_submission.tsv	ipr_submission.tsv	molecular_function	0.430	0.912	0.516	0.770	0.618
ipr_submission.tsv	ipr_submission.tsv	molecular_function	0.440	0.912	0.516	0.770	0.618
ipr_submission.tsv	ipr_submission.tsv	molecular_function	0.450	0.912	0.516	0.770	0.618
ipr_submission.tsv	ipr_submission.tsv	molecular_function	0.460	0.912	0.516	0.770	0.618
ipr_submission.tsv	ipr_submission.tsv	molecular_function	0.470	0.912	0.516	0.770	0.618
ipr_submission.tsv	ipr_submission.tsv	molecular_function	0.480	0.912	0.516	0.770	0.618
ipr_submission.tsv	ipr_submission.tsv	molecular_function	0.490	0.912	0.516	0.770	0.618
ipr_submission.tsv	ipr_submission.tsv	molecular_function	0.500	0.912	0.516	0.770	0.618
ipr_submission.tsv	ipr_submission.tsv	molecular_function	0.510	0.912	0.516	0.770	0.618
ipr_submission.tsv	ipr_submission.tsv	molecular_function	0.520	0.912	0.516	0.770	0.618
ipr_submission.tsv	ipr_submission.tsv	molecular_function	0.530	0.912	0.516	0.770	0.618
ipr_submission.tsv	ipr_submission.tsv	molecular_function	0.540	0.912	0.516	0.770	0.618
ipr_submission.tsv	ipr_submission.tsv	molecular_function	0.550	0.912	0.516	0.770	0.618
ipr_submission.tsv	ipr_submission.tsv	molecular_function	0.560	0.912	0.516	0.770	0.618
ipr_submission.tsv	ipr_submission.tsv	molecular_function	0.570	0.912	0.516	0.770	0.618
ipr_submission.tsv	ipr_submission.tsv	molecular_function	0.580	0.912	0.516	0.770	0.618
ipr_submission.tsv	ipr_submission.tsv	molecular_function	0.590	0.912	0.516	0.770	0.618
ipr_submission.tsv	ipr_submission.tsv	molecular_function	0.600	0.912	0.516	0.770	0.618
ipr_submission.tsv	ipr_submission.tsv	molecular_function	0.610	0.912	0.516	0.770	0.618
ipr_submission.tsv	ipr_submission.tsv	molecular_function	0.620	0.912	0.516	0.770	0.618
ipr_submission.tsv	ipr_submission.tsv	molecular_function	0.630	0.912	0.516	0.770	0.618
ipr_submission.tsv	ipr_submission.tsv	molecular_function	0.640	0.912	0.516	0.770	0.618
ipr_submission.tsv	ipr_submission.tsv	molecular_function	0.650	0.912	0.516	0.770	0.618
ipr_submission.tsv	ipr_submission.tsv	molecular_function	0.660	0.912	0.516	0.770	0.618
ipr_submission.tsv	ipr_submission.tsv	molecular_function	0.670	0.912	0.516	0.770	0.618
ipr_submission.tsv	ipr_submission.tsv	molecular_function	0.680	0.912	0.516	0.770	0.618
ipr_submission.tsv	ipr_submission.tsv	molecular_function	0.690	0.912	0.516	0.770	0.618
ipr_submission.tsv	ipr_submission.tsv	molecular_function	0.700	0.912	0.516	0.770	0.618
ipr_submission.tsv	ipr_submission.tsv	molecular_function	0.710	0.912	0.516	0.770	0.618
ipr_submission.tsv	ipr_submission.tsv	molecular_function	0.720	0.912	0.516	0.770	0.618
ipr_submission.tsv	ipr_submission.tsv	molecular_function	0.730	0.912	0.516	0.770	0.618
ipr_submission.tsv	ipr_submission.tsv	molecular_function	0.740	0.912	0.516	0.770	0.618
ipr_submission.tsv	ipr_submission.tsv	molecular_function	0.750	0.912	0.516	0.770	0.618
ipr_submission.tsv	ipr_submission.tsv	molecular_function	0.760	0.912	0.516	0.770	0.618
ipr_submission.tsv	ipr_submission.tsv	molecular_function	0.770	0.912	0.516	0.770	0.618
ipr_submission.tsv	ipr_submission.tsv	molecular_function	0.780	0.912	0.516	0.770	0.618
ipr_submission.tsv	ipr_submission.tsv	molecular_function	0.790	0.912	0.516	0.770	0.618
ipr_submission.tsv	ipr_submission.tsv	molecular_function	0.800	0.912	0.516	0.770	0.618
ipr_submission.tsv	ipr_submission.tsv	molecular_function	0.810	0.912	0.516	0.770	0.618
ipr_submission.tsv	ipr_submission.tsv	molecular_function	0.820	0.912	0.516	0.770	0.618
ipr_submission.tsv	ipr_submission.tsv	molecular_function	0.830	0.912	0.516	0.770	0.618
ipr_submission.tsv	ipr_submission.tsv	molecular_function	0.840	0.912	0.516	0.770	0.618
ipr_submission.tsv	ipr_submission.tsv	molecular_function	0.850	0.912	0.516	0.770	0.618
ipr_submission.tsv	ipr_submission.tsv	molecular_function	0.860	0.912	0.516	0.770	0.618
ipr_submission.tsv	ipr_submission.tsv	molecular_function	0.870	0.912	0.516	0.770	0.618
ipr_submission.tsv	ipr_submission.tsv	molecular_function	0.880	0.912	0.516	0.770	0.618
ipr_submission.tsv	ipr_submission.tsv	molecular_function	0.890	0.912	0.516	0.770	0.618
ipr_submission.tsv	ipr_submission.tsv	molecular_function	0.900	0.912	0.516	0.770	0.618
ipr_submission.tsv	ipr_submission.tsv	molecular_function	0.910	0.912	0.516	0.770	0.618
ipr_submission.tsv	ipr_submission.tsv	molecular_function	0.920	0.912	0.516	0.770	0.618
ipr_submission.tsv	ipr_submission.tsv	molecular_function	0.930	0.912	0.516	0.770	0.618
ipr_submission.tsv	ipr_submission.tsv	molecular_function	0.940	0.912	0.516	0.770	0.618
ipr_submission.tsv	ipr_submission.tsv	molecular_function	0.950	0.912	0.516	0.770	0.618
ipr_submission.tsv	ipr_submission.tsv	molecular_function	0.960	0.912	0.516	0.770	0.618
ipr_submission.tsv	ipr_submission.tsv	molecular_function	0.970	0.912	0.516	0.770	0.618
ipr_submission.tsv	ipr_submission.tsv	molecular_function	0.980	0.912	0.516	0.770	0.618
ipr_submission.tsv	ipr_submission.tsv	molecular_function	0.990	0.912	0.516	0.770	0.618
naive_submission.tsv	naive_submission.tsv	biological_process	0.010	1.000	0.836	0.076	0.139
naive_submission.tsv	naive_submission.tsv	biological_process	0.020	1.000	0.748	0.106	0.186
naive_submission.tsv	naive_submission.tsv	biological_process	0.030	1.000	0.690	0.133	0.224
naive_submission.tsv	naive_submission.tsv	biological_process	0.040	1.000	0.635	0.159	0.254
naive_submission.tsv	naive_submission.tsv	biological_process	0.050	1.000	0.587	0.186	0.282
naive_submission.tsv	naive_submission.tsv	biological_process	0.060	1.000	0.546	0.210	0.303
naive_submission.tsv	naive_submission.tsv	biological_process	0.070	1.000	0.528	0.220	0.311
naive_submission.tsv	naive_submission.tsv	biological_process	0.080	1.000	0.496	0.237	0.321
naive_submission.tsv	naive_submission.tsv	biological_process	0.090	1.000	0.458	0.260	0.331
naive_submission.tsv	naive_submission.tsv	biological_process	0.100	1.000	0.430	0.279	0.338
naive_submission.tsv	naive_submission.tsv	biological_process	0.110	1.000	0.409	0.290	0.340
naive_submission.tsv	naive_submission.tsv	biological_process	0.120	1.000	0.395	0.304	0.344
naive_submission.tsv	naive_submission.tsv	biological_process	0.130	1.000	0.369	0.322	0.344
naive_submission.tsv	naive_submission.tsv	biological_process	0.140	1.000	0.352	0.333	0.342
naive_submission.tsv	naive_submission.tsv	biological_process	0.150	1.000	0.352	0.333	0.342
naive_submission.tsv	naive_submission.tsv	biological_process	0.160	1.000	0.313	0.353	0.332
naive_submission.tsv	naive_submission.tsv	biological_process	0.170	1.000	0.280	0.385	0.324
naive_submission.tsv	naive_submission.tsv	biological_process	0.180	1.000	0.269	0.397	0.321
naive_submission.tsv	naive_submission.tsv	biological_process	0.190	1.000	0.265	0.402	0.319
naive_submission.tsv	naive_submission.tsv	biological_process	0.200	1.000	0.240	0.425	0.307
naive_submission.tsv	naive_submission.tsv	biological_process	0.210	1.000	0.222	0.454	0.299
naive_submission.tsv	naive_submission.tsv	biological_process	0.220	1.000	0.207	0.473	0.288
naive_submission.tsv	naive_submission.tsv	biological_process	0.230	1.000	0.207	0.473	0.288
naive_submission.tsv	naive_submission.tsv	biological_process	0.240	1.000	0.198	0.484	0.281
naive_submission.tsv	naive_submission.tsv	biological_process	0.250	1.000	0.198	0.484	0.281
naive_submission.tsv	naive_submission.tsv	biological_process	0.260	1.000	0.198	0.484	0.281
naive_submission.tsv	naive_submission.tsv	biological_process	0.270	1.000	0.193	0.503	0.279
naive_submission.tsv	naive_submission.tsv	biological_process	0.280	1.000	0.175	0.540	0.265
naive_submission.tsv	naive_submission.tsv	biological_process	0.290	1.000	0.158	0.593	0.249
naive_submission.tsv	naive_submission.tsv	biological_process	0.300	1.000	0.158	0.593	0.249
naive_submission.tsv	naive_submission.tsv	biological_process	0.310	1.000	0.158	0.593	0.249
naive_submission.tsv	naive_submission.tsv	biological_process	0.320	1.000	0.158	0.593	0.249
naive_submission.tsv	naive_submission.tsv	biological_process	0.330	1.000	0.145	0.619	0.235
naive_submission.tsv	naive_submission.tsv	biological_process	0.340	1.000	0.145	0.619	0.235
naive_submission.tsv	naive_submission.tsv	biological_process	0.350	1.000	0.117	0.697	0.201
naive_submission.tsv	naive_submission.tsv	biological_process	0.360	1.000	0.117	0.697	0.201
naive_submission.tsv	naive_submission.tsv	biological_process	0.370	1.000	0.117	0.697	0.201
naive_submission.tsv	naive_submission.tsv	biological_process	0.380	1.000	0.117	0.697	0.201
naive_submission.tsv	naive_submission.tsv	biological_process	0.390	1.000	0.117	0.697	0.201
naive_submission.tsv	naive_submission.tsv	biological_process	0.400	1.000	0.105	0.741	0.184
naive_submission.tsv	naive_submission.tsv	biological_process	0.410	1.000	0.105	0.741	0.184
naive_submission.tsv	naive_submission.tsv	biological_process	0.420	1.000	0.105	0.741	0.184
naive_submission.tsv	naive_submission.tsv	biological_process	0.430	1.000	0.105	0.741	0.184
naive_submission.tsv	naive_submission.tsv	biological_process	0.440	1.000	0.090	0.797	0.161
naive_submission.tsv	naive_submission.tsv	biological_process	0.450	1.000	0.090	0.797	0.161
naive_submission.tsv	naive_submission.tsv	biological_process	0.460	1.000	0.072	0.894	0.134
naive_submission.tsv	naive_submission.tsv	biological_process	0.470	1.000	0.072	0.894	0.134
naive_submission.tsv	naive_submission.tsv	biological_process	0.480	1.000	0.072	0.894	0.134
naive_submission.tsv	naive_submission.tsv	biological_process	0.490	1.000	0.072	0.894	0.134
naive_submission.tsv	naive_submission.tsv	biological_process	0.500	1.000	0.072	0.894	0.134
naive_submission.tsv	naive_submission.tsv	biological_process	0.510	1.000	0.072	0.894	0.134
naive_submission.tsv	naive_submission.tsv	biological_process	0.520	1.000	0.072	0.894	0.134
naive_submission.tsv	naive_submission.tsv	biological_process	0.530	1.000	0.072	0.894	0.134
naive_submission.tsv	naive_submission.tsv	biological_process	0.540	1.000	0.072	0.894	0.134
naive_submission.tsv	naive_submission.tsv	biological_process	0.550	1.000	0.072	0.894	0.134
naive_submission.tsv	naive_submission.tsv	biological_process	0.560	1.000	0.072	0.894	0.134
naive_submission.tsv	naive_submission.tsv	biological_process	0.570	1.000	0.072	0.894	0.134
naive_submission.tsv	naive_submission.tsv	biological_process	0.580	1.000	0.072	0.894	0.134
naive_submission.tsv	naive_submission.tsv	biological_process	0.590	1.000	0.072	0.894	0.134
naive_submission.tsv	naive_submission.tsv	biological_process	0.600	1.000	0.072	0.894	0.134
naive_submission.tsv	naive_submission.tsv	biological_process	0.610	1.000	0.072	0.894	0.134
naive_submission.tsv	naive_submission.tsv	biological_process	0.620	1.000	0.072	0.894	0.134
naive_submission.tsv	naive_submission.tsv	biological_process	0.630	1.000	0.072	0.894	0.134
naive_submission.tsv	naive_submission.tsv	biological_process	0.640	1.000	0.072	0.894	0.134
naive_submission.tsv	naive_submission.tsv	biological_process	0.650	1.000	0.072	0.894	0.134
naive_submission.tsv	naive_submission.tsv	biological_process	0.660	1.000	0.072	0.894	0.134
naive_submission.tsv	naive_submission.tsv	biological_process	0.670	1.000	0.072	0.894	0.134
naive_submission.tsv	naive_submission.tsv	biological_process	0.680	1.000	0.044	1.000	0.085
naive_submission.tsv	naive_submission.tsv	biological_process	0.690	1.000	0.044	1.000	0.085
naive_submission.tsv	naive_submission.tsv	biological_process	0.700	1.000	0.044	1.000	0.085
naive_submission.tsv	naive_submission.tsv	biological_process	0.710	1.000	0.044	1.000	0.085
naive_submission.tsv	naive_submission.tsv	biological_process	0.720	1.000	0.044	1.000	0.085
naive_submission.tsv	naive_submission.tsv	biological_process	0.730	1.000	0.044	1.000	0.085
naive_submission.tsv	naive_submission.tsv	biological_process	0.740	1.000	0.044	1.000	0.085
naive_submission.tsv	naive_submission.tsv	biological_process	0.750	1.000	0.044	1.000	0.085
naive_submission.tsv	naive_submission.tsv	biological_process	0.760	1.000	0.044	1.000	0.085
naive_submission.tsv	naive_submission.tsv	biological_process	0.770	1.000	0.044	1.000	0.085
naive_submission.tsv	naive_submission.tsv	biological_process	0.780	1.000	0.044	1.000	0.085
naive_submission.tsv	naive_submission.tsv	biological_process	0.790	1.000	0.044	1.000	0.085
naive_submission.tsv	naive_submission.tsv	biological_process	0.800	1.000	0.044	1.000	0.085
naive_submission.tsv	naive_submission.tsv	biological_process	0.810	1.000	0.044	1.000	0.085
naive_submission.tsv	naive_submission.tsv	biological_process	0.820	1.000	0.044	1.000	0.085
naive_submission.tsv	naive_submission.tsv	biological_process	0.830	1.000	0.044	1.000	0.085
naive_submission.tsv	naive_submission.tsv	biological_process	0.840	1.000	0.044	1.000	0.085
naive_submission.tsv	naive_submission.tsv	biological_process	0.850	1.000	0.044	1.000	0.085
naive_submission.tsv	naive_submission.tsv	biological_process	0.860	1.000	0.044	1.000	0.085
naive_submission.tsv	naive_submission.tsv	biological_process	0.870	1.000	0.044	1.000	0.085
naive_submission.tsv	naive_submission.tsv	biological_process	0.880	1.000	0.044	1.000	0.085
naive_submission.tsv	naive_submission.tsv	biological_process	0.890	1.000	0.044	1.000	0.085
naive_submission.tsv	naive_submission.tsv	biological_process	0.900	1.000	0.044	1.000	0.085
naive_submission.tsv	naive_submission.tsv	biological_process	0.910	1.000	0.044	1.000	0.085
naive_submission.tsv	naive_submission.tsv	biological_process	0.920	1.000	0.044	1.000	0.085
naive_submission.tsv	naive_submission.tsv	biological_process	0.930	1.000	0.044	1.000	0.085
naive_submission.tsv	naive_submission.tsv	biological_process	0.940	1.000	0.044	1.000	0.085
naive_submission.tsv	naive_submission.tsv	biological_process	0.950	1.000	0.044	1.000	0.085
naive_submission.tsv	naive_submission.tsv	biological_process	0.960	1.000	0.044	1.000	0.085
naive_submission.tsv	naive_submission.tsv	biological_process	0.970	1.000	0.044	1.000	0.085
naive_submission.tsv	naive_submission.tsv	biological_process	0.980	1.000	0.044	1.000	0.085
naive_submission.tsv	naive_submission.tsv	biological_process	0.990	1.000	0.044	1.000	0.085
naive_submission.tsv	naive_submission.tsv	cellular_component	0.010	1.000	0.904	0.100	0.180
naive_submission.tsv	naive_submission.tsv	cellular_component	0.020	1.000	0.848	0.160	0.270
naive_submission.tsv	naive_submission.tsv	cellular_component	0.030	1.000	0.816	0.202	0.323
naive_submission.tsv	naive_submission.tsv	cellular_component	0.040	1.000	0.780	0.257	0.387
naive_submission.tsv	naive_submission.tsv	cellular_component	0.050	1.000	0.770	0.279	0.409
naive_submission.tsv	naive_submission.tsv	cellular_component	0.060	1.000	0.746	0.317	0.444
naive_submission.tsv	naive_submission.tsv	cellular_component	0.070	1.000	0.727	0.350	0.472
naive_submission.tsv	naive_submission.tsv	cellular_component	0.080	1.000	0.708	0.379	0.494
naive_submission.tsv	naive_submission.tsv	cellular_component	0.090	1.000	0.697	0.401	0.509
naive_submission.tsv	naive_submission.tsv	cellular_component	0.100	1.000	0.697	0.401	0.509
naive_submission.tsv	naive_submission.tsv	cellular_component	0.110	1.000	0.691	0.415	0.519
naive_submission.tsv	naive_submission.tsv	cellular_component	0.120	1.000	0.691	0.415	0.519
naive_submission.tsv	naive_submission.tsv	cellular_component	0.130	1.000	0.685	0.430	0.528
naive_submission.tsv	naive_submission.tsv	cellular_component	0.140	1.000	0.685	0.430	0.528
naive_submission.tsv	naive_submission.tsv	cellular_component	0.150	1.000	0.676	0.442	0.535
naive_submission.tsv	naive_submission.tsv	cellular_component	0.160	1.000	0.669	0.457	0.543
naive_submission.tsv	naive_submission.tsv	cellular_component	0.170	1.000	0.669	0.457	0.543
naive_submission.tsv	naive_submission.tsv	cellular_component	0.180	1.000	0.669	0.457	0.543
naive_submission.tsv	naive_submission.tsv	cellular_component	0.190	1.000	0.599	0.575	0.587
naive_submission.tsv	naive_submission.tsv	cellular_component	0.200	1.000	0.582	0.601	0.591
naive_submission.tsv	naive_submission.tsv	cellular_component	0.210	1.000	0.563	0.636	0.597
naive_submission.tsv	naive_submission.tsv	cellular_component	0.220	1.000	0.563	0.636	0.597
naive_submission.tsv	naive_submission.tsv	cellular_component	0.230	1.000	0.539	0.671	0.598
naive_submission.tsv	naive_submission.tsv	cellular_component	0.240	1.000	0.539	0.671	0.598
naive_submission.tsv	naive_submission.tsv	cellular_component	0.250	1.000	0.539	0.671	0.598
naive_submission.tsv	naive_submission.tsv	cellular_component	0.260	1.000	0.539	0.671	0.598
naive_submission.tsv	naive_submission.tsv	cellular_component	0.270	1.000	0.539	0.671	0.598
naive_submission.tsv	naive_submission.tsv	cellular_component	0.280	1.000	0.539	0.671	0.598
naive_submission.tsv	naive_submission.tsv	cellular_component	0.290	1.000	0.511	0.705	0.592
naive_submission.tsv	naive_submission.tsv	cellular_component	0.300	1.000	0.511	0.705	0.592
naive_submission.tsv	naive_submission.tsv	cellular_component	0.310	1.000	0.511	0.705	0.592
naive_submission.tsv	naive_submission.tsv	cellular_component	0.320	1.000	0.485	0.749	0.588
naive_submission.tsv	naive_submission.tsv	cellular_component	0.330	1.000	0.485	0.749	0.588
naive_submission.tsv	naive_submission.tsv	cellular_component	0.340	1.000	0.485	0.749	0.588
naive_submission.tsv	naive_submission.tsv	cellular_component	0.350	1.000	0.485	0.749	0.588
naive_submission.tsv	naive_submission.tsv	cellular_component	0.360	1.000	0.485	0.749	0.588
naive_submission.tsv	naive_submission.tsv	cellular_component	0.370	1.000	0.485	0.749	0.588
naive_submission.tsv	naive_submission.tsv	cellular_component	0.380	1.000	0.485	0.749	0.588
naive_submission.tsv	naive_submission.tsv	cellular_component	0.390	1.000	0.485	0.749	0.588
naive_submission.tsv	naive_submission.tsv	cellular_component	0.400	1.000	0.485	0.749	0.588
naive_submission.tsv	naive_submission.tsv	cellular_component	0.410	1.000	0.485	0.749	0.588
naive_submission.tsv	naive_submission.tsv	cellular_component	0.420	1.000	0.485	0.749	0.588
naive_submission.tsv	naive_submission.tsv	cellular_component	0.430	1.000	0.485	0.749	0.588
naive_submission.tsv	naive_submission.tsv	cellular_component	0.440	1.000	0.485	0.749	0.588
naive_submission.tsv	naive_submission.tsv	cellular_component	0.450	1.000	0.485	0.749	0.588
naive_submission.tsv	naive_submission.tsv	cellular_component	0.460	1.000	0.485	0.749	0.588
naive_submission.tsv	naive_submission.tsv	cellular_component	0.470	1.000	0.485	0.749	0.588
naive_submission.tsv	naive_submission.tsv	cellular_component	0.480	1.000	0.485	0.749	0.588
naive_submission.tsv	naive_submission.tsv	cellular_component	0.490	1.000	0.485	0.749	0.588
naive_submission.tsv	naive_submission.tsv	cellular_component	0.500	1.000	0.485	0.749	0.588
naive_submission.tsv	naive_submission.tsv	cellular_component	0.510	1.000	0.485	0.749	0.588
naive_submission.tsv	naive_submission.tsv	cellular_component	0.520	1.000	0.485	0.749	0.588
naive_submission.tsv	naive_submission.tsv	cellular_component	0.530	1.000	0.485	0.749	0.588
naive_submission.tsv	naive_submission.tsv	cellular_component	0.540	1.000	0.485	0.749	0.588
naive_submission.tsv	naive_submission.tsv	cellular_component	0.550	1.000	0.485	0.749	0.588
naive_submission.tsv	naive_submission.tsv	cellular_component	0.560	1.000	0.485	0.749	0.588
naive_submission.tsv	naive_submission.tsv	cellular_component	0.570	1.000	0.485	0.749	0.588
naive_submission.tsv	naive_submission.tsv	cellular_component	0.580	1.000	0.485	0.749	0.588
naive_submission.tsv	naive_submission.tsv	cellular_component	0.590	1.000	0.444	0.771	0.563
naive_submission.tsv	naive_submission.tsv	cellular_component	0.600	1.000	0.393	0.800	0.528
naive_submission.tsv	naive_submission.tsv	cellular_component	0.610	1.000	0.393	0.800	0.528
naive_submission.tsv	naive_submission.tsv	cellular_component	0.620	1.000	0.393	0.800	0.528
naive_submission.tsv	naive_submission.tsv	cellular_component	0.630	1.000	0.350	0.834	0.494
naive_submission.tsv	naive_submission.tsv	cellular_component	0.640	1.000	0.350	0.834	0.494
naive_submission.tsv	naive_submission.tsv	cellular_component	0.650	1.000	0.350	0.834	0.494
naive_submission.tsv	naive_submission.tsv	cellular_component	0.660	1.000	0.305	0.875	0.453
naive_submission.tsv	naive_submission.tsv	cellular_component	0.670	1.000	0.305	0.875	0.453
naive_submission.tsv	naive_submission.tsv	cellular_component	0.680	1.000	0.305	0.875	0.453
naive_submission.tsv	naive_submission.tsv	cellular_component	0.690	1.000	0.258	0.932	0.404
naive_submission.tsv	naive_submission.tsv	cellular_component	0.700	1.000	0.258	0.932	0.404
naive_submission.tsv	naive_submission.tsv	cellular_component	0.710	1.000	0.258	0.932	0.404
naive_submission.tsv	naive_submission.tsv	cellular_component	0.720	1.000	0.258	0.932	0.404
naive_submission.tsv	naive_submission.tsv	cellular_component	0.730	1.000	0.258	0.932	0.404
naive_submission.tsv	naive_submission.tsv	cellular_component	0.740	1.000	0.258	0.932	0.404
naive_submission.tsv	naive_submission.tsv	cellular_component	0.750	1.000	0.258	0.932	0.404
naive_submission.tsv	naive_submission.tsv	cellular_component	0.760	1.000	0.258	0.932	0.404
naive_submission.tsv	naive_submission.tsv	cellular_component	0.770	1.000	0.258	0.932	0.404
naive_submission.tsv	naive_submission.tsv	cellular_component	0.780	1.000	0.258	0.932	0.404
naive_submission.tsv	naive_submission.tsv	cellular_component	0.790	1.000	0.258	0.932	0.404
naive_submission.tsv	naive_submission.tsv	cellular_component	0.800	1.000	0.190	0.996	0.319
naive_submission.tsv	naive_submission.tsv	cellular_component	0.810	1.000	0.190	0.996	0.319
naive_submission.tsv	naive_submission.tsv	cellular_component	0.820	1.000	0.190	0.996	0.319
naive_submission.tsv	naive_submission.tsv	cellular_component	0.830	1.000	0.190	0.996	0.319
naive_submission.tsv	naive_submission.tsv	cellular_component	0.840	1.000	0.190	0.996	0.319
naive_submission.tsv	naive_submission.tsv	cellular_component	0.850	1.000	0.190	0.996	0.319
naive_submission.tsv	naive_submission.tsv	cellular_component	0.860	1.000	0.190	0.996	0.319
naive_submission.tsv	naive_submission.tsv	cellular_component	0.870	1.000	0.190	0.996	0.319
naive_submission.tsv	naive_submission.tsv	cellular_component	0.880	1.000	0.190	0.996	0.319
naive_submission.tsv	naive_submission.tsv	cellular_component	0.890	1.000	0.190	0.996	0.319
naive_submission.tsv	naive_submission.tsv	cellular_component	0.900	1.000	0.190	0.996	0.319
naive_submission.tsv	naive_submission.tsv	cellular_component	0.910	1.000	0.190	0.996	0.319
naive_submission.tsv	naive_submission.tsv	cellular_component	0.920	1.000	0.190	0.996	0.319
naive_submission.tsv	naive_submission.tsv	cellular_component	0.930	1.000	0.190	0.996	0.319
naive_submission.tsv	naive_submission.tsv	cellular_component	0.940	1.000	0.190	0.996	0.319
naive_submission.tsv	naive_submission.tsv	cellular_component	0.950	1.000	0.190	0.996	0.319
naive_submission.tsv	naive_submission.tsv	cellular_component	0.960	1.000	0.190	0.996	0.319
naive_submission.tsv	naive_submission.tsv	cellular_component	0.970	1.000	0.190	0.996	0.319
naive_submission.tsv	naive_submission.tsv	cellular_component	0.980	1.000	0.190	0.996	0.319
naive_submission.tsv	naive_submission.tsv	cellular_component	0.990	1.000	0.190	0.996	0.319
naive_submission.tsv	naive_submission.tsv	molecular_function	0.010	1.000	0.816	0.055	0.103
naive_submission.tsv	naive_submission.tsv	molecular_function	0.020	1.000	0.718	0.087	0.155
naive_submission.tsv	naive_submission.tsv	molecular_function	0.030	1.000	0.658	0.114	0.194
naive_submission.tsv	naive_submission.tsv	molecular_function	0.040	1.000	0.612	0.139	0.226
naive_submission.tsv	naive_submission.tsv	molecular_function	0.050	1.000	0.563	0.172	0.264
naive_submission.tsv	naive_submission.tsv	molecular_function	0.060	1.000	0.525	0.219	0.309
naive_submission.tsv	naive_submission.tsv	molecular_function	0.070	1.000	0.496	0.250	0.333
naive_submission.tsv	naive_submission.tsv	molecular_function	0.080	1.000	0.465	0.297	0.362
naive_submission.tsv	naive_submission.tsv	molecular_function	0.090	1.000	0.448	0.333	0.382
naive_submission.tsv	naive_submission.tsv	molecular_function	0.100	1.000	0.442	0.354	0.393
naive_submission.tsv	naive_submission.tsv	molecular_function	0.110	1.000	0.419	0.406	0.412
naive_submission.tsv	naive_submission.tsv	molecular_function	0.120	1.000	0.419	0.406	0.412
naive_submission.tsv	naive_submission.tsv	molecular_function	0.130	1.000	0.406	0.439	0.422
naive_submission.tsv	naive_submission.tsv	molecular_function	0.140	1.000	0.406	0.439	0.422
naive_submission.tsv	naive_submission.tsv	molecular_function	0.150	1.000	0.393	0.482	0.433
naive_submission.tsv	naive_submission.tsv	molecular_function	0.160	1.000	0.393	0.482	0.433
naive_submission.tsv	naive_submission.tsv	molecular_function	0.170	1.000	0.393	0.482	0.433
naive_submission.tsv	naive_submission.tsv	molecular_function	0.180	1.000	0.356	0.602	0.447
naive_submission.tsv	naive_submission.tsv	molecular_function	0.190	1.000	0.356	0.602	0.447
naive_submission.tsv	naive_submission.tsv	molecular_function	0.200	1.000	0.356	0.602	0.447
naive_submission.tsv	naive_submission.tsv	molecular_function	0.210	1.000	0.356	0.602	0.447
naive_submission.tsv	naive_submission.tsv	molecular_function	0.220	1.000	0.356	0.602	0.447
naive_submission.tsv	naive_submission.tsv	molecular_function	0.230	1.000	0.334	0.690	0.450
naive_submission.tsv	naive_submission.tsv	molecular_function	0.240	1.000	0.334	0.690	0.450
naive_submission.tsv	naive_submission.tsv	molecular_function	0.250	1.000	0.334	0.690	0.450
naive_submission.tsv	naive_submission.tsv	molecular_function	0.260	1.000	0.334	0.690	0.450
naive_submission.tsv	naive_submission.tsv	molecular_function	0.270	1.000	0.334	0.690	0.450
naive_submission.tsv	naive_submission.tsv	molecular_function	0.280	1.000	0.334	0.690	0.450
naive_submission.tsv	naive_submission.tsv	molecular_function	0.290	1.000	0.334	0.690	0.450
naive_submission.tsv	naive_submission.tsv	molecular_function	0.300	1.000	0.334	0.690	0.450
naive_submission.tsv	naive_submission.tsv	molecular_function	0.310	1.000	0.334	0.690	0.450
naive_submission.tsv	naive_submission.tsv	molecular_function	0.320	1.000	0.334	0.690	0.450
naive_submission.tsv	naive_submission.tsv	molecular_function	0.330	1.000	0.334	0.690	0.450
naive_submission.tsv	naive_submission.tsv	molecular_function	0.340	1.000	0.334	0.690	0.450
naive_submission.tsv	naive_submission.tsv	molecular_function	0.350	1.000	0.334	0.690	0.450
naive_submission.tsv	naive_submission.tsv	molecular_function	0.360	1.000	0.334	0.690	0.450
naive_submission.tsv	naive_submission.tsv	molecular_function	0.370	1.000	0.334	0.690	0.450
naive_submission.tsv	naive_submission.tsv	molecular_function	0.380	1.000	0.334	0.690	0.450
naive_submission.tsv	naive_submission.tsv	molecular_function	0.390	1.000	0.334	0.690	0.450
naive_submission.tsv	naive_submission.tsv	molecular_function	0.400	1.000	0.334	0.690	0.450
naive_submission.tsv	naive_submission.tsv	molecular_function	0.410	1.000	0.334	0.690	0.450
naive_submission.tsv	naive_submission.tsv	molecular_function	0.420	1.000	0.334	0.690	0.450
naive_submission.tsv	naive_submission.tsv	molecular_function	0.430	1.000	0.334	0.690	0.450
naive_submission.tsv	naive_submission.tsv	molecular_function	0.440	1.000	0.334	0.690	0.450
naive_submission.tsv	naive_submission.tsv	molecular_function	0.450	1.000	0.291	0.789	0.425
naive_submission.tsv	naive_submission.tsv	molecular_function	0.460	1.000	0.291	0.789	0.425
naive_submission.tsv	naive_submission.tsv	molecular_function	0.470	1.000	0.291	0.789	0.425
naive_submission.tsv	naive_submission.tsv	molecular_function	0.480	1.000	0.291	0.789	0.425
naive_submission.tsv	naive_submission.tsv	molecular_function	0.490	1.000	0.291	0.789	0.425
naive_submission.tsv	naive_submission.tsv	molecular_function	0.500	1.000	0.291	0.789	0.425
naive_submission.tsv	naive_submission.tsv	molecular_function	0.510	1.000	0.216	0.871	0.346
naive_submission.tsv	naive_submission.tsv	molecular_function	0.520	1.000	0.216	0.871	0.346
naive_submission.tsv	naive_submission.tsv	molecular_function	0.530	1.000	0.216	0.871	0.346
naive_submission.tsv	naive_submission.tsv	molecular_function	0.540	1.000	0.216	0.871	0.346
naive_submission.tsv	naive_submission.tsv	molecular_function	0.550	1.000	0.216	0.871	0.346
naive_submission.tsv	naive_submission.tsv	molecular_function	0.560	1.000	0.216	0.871	0.346
naive_submission.tsv	naive_submission.tsv	molecular_function	0.570	1.000	0.216	0.871	0.346
naive_submission.tsv	naive_submission.tsv	molecular_function	0.580	1.000	0.216	0.871	0.346
naive_submission.tsv	naive_submission.tsv	molecular_function	0.590	1.000	0.216	0.871	0.346
naive_submission.tsv	naive_submission.tsv	molecular_function	0.600	1.000	0.216	0.871	0.346
naive_submission.tsv	naive_submission.tsv	molecular_function	0.610	1.000	0.216	0.871	0.346
naive_submission.tsv	naive_submission.tsv	molecular_function	0.620	1.000	0.216	0.871	0.346
naive_submission.tsv	naive_submission.tsv	molecular_function	0.630	1.000	0.216	0.871	0.346
naive_submission.tsv	naive_submission.tsv	molecular_function	0.640	1.000	0.216	0.871	0.346
naive_submission.tsv	naive_submission.tsv	molecular_function	0.650	1.000	0.216	0.871	0.346
naive_submission.tsv	naive_submission.tsv	molecular_function	0.660	1.000	0.216	0.871	0.346
naive_submission.tsv	naive_submission.tsv	molecular_function	0.670	1.000	0.127	1.000	0.226
naive_submission.tsv	naive_submission.tsv	molecular_function	0.680	1.000	0.127	1.000	0.226
naive_submission.tsv	naive_submission.tsv	molecular_function	0.690	1.000	0.127	1.000	0.226
naive_submission.tsv	naive_submission.tsv	molecular_function	0.700	1.000	0.127	1.000	0.226
naive_submission.tsv	naive_submission.tsv	molecular_function	0.710	1.000	0.127	1.000	0.226
naive_submission.tsv	naive_submission.tsv	molecular_function	0.720	1.000	0.127	1.000	0.226
naive_submission.tsv	naive_submission.tsv	molecular_function	0.730	1.000	0.127	1.000	0.226
naive_submission.tsv	naive_submission.tsv	molecular_function	0.740	1.000	0.127	1.000	0.226
naive_submission.tsv	naive_submission.tsv	molecular_function	0.750	1.000	0.127	1.000	0.226
naive_submission.tsv	naive_submission.tsv	molecular_function	0.760	1.000	0.127	1.000	0.226
naive_submission.tsv	naive_submission.tsv	molecular_function	0.770	1.000	0.127	1.000	0.226
naive_submission.tsv	naive_submission.tsv	molecular_function	0.780	1.000	0.127	1.000	0.226
naive_submission.tsv	naive_submission.tsv	molecular_function	0.790	1.000	0.127	1.000	0.226
naive_submission.tsv	naive_submission.tsv	molecular_function	0.800	1.000	0.127	1.000	0.226
naive_submission.tsv	naive_submission.tsv	molecular_function	0.810	1.000	0.127	1.000	0.226
naive_submission.tsv	naive_submission.tsv	molecular_function	0.820	1.000	0.127	1.000	0.226
naive_submission.tsv	naive_submission.tsv	molecular_function	0.830	1.000	0.127	1.000	0.226
naive_submission.tsv	naive_submission.tsv	molecular_function	0.840	1.000	0.127	1.000	0.226
naive_submission.tsv	naive_submission.tsv	molecular_function	0.850	1.000	0.127	1.000	0.226
naive_submission.tsv	naive_submission.tsv	molecular_function	0.860	1.000	0.127	1.000	0.226
naive_submission.tsv	naive_submission.tsv	molecular_function	0.870	1.000	0.127	1.000	0.226
naive_submission.tsv	naive_submission.tsv	molecular_function	0.880	1.000	0.127	1.000	0.226
naive_submission.tsv	naive_submission.tsv	molecular_function	0.890	1.000	0.127	1.000	0.226
naive_submission.tsv	naive_submission.tsv	molecular_function	0.900	1.000	0.127	1.000	0.226
naive_submission.tsv	naive_submission.tsv	molecular_function	0.910	1.000	0.127	1.000	0.226
naive_submission.tsv	naive_submission.tsv	molecular_function	0.920	1.000	0.127	1.000	0.226
naive_submission.tsv	naive_submission.tsv	molecular_function	0.930	1.000	0.127	1.000	0.226
naive_submission.tsv	naive_submission.tsv	molecular_function	0.940	1.000	0.127	1.000	0.226
naive_submission.tsv	naive_submission.tsv	molecular_function	0.950	1.000	0.127	1.000	0.226
naive_submission.tsv	naive_submission.tsv	molecular_function	0.960	1.000	0.127	1.000	0.226
naive_submission.tsv	naive_submission.tsv	molecular_function	0.970	1.000	0.127	1.000	0.226
naive_submission.tsv	naive_submission.tsv	molecular_function	0.980	1.000	0.127	1.000	0.226
naive_submission.tsv	naive_submission.tsv	molecular_function	0.990	1.000	0.127	1.000	0.226
